cluster,item_id,consumption_proportion
0,ITM010,0.5703358208955224
0,ITM011,0.42966417910447763
1,ITM001,0.3569363619297916
1,ITM005,0.17345597897503284
1,ITM008,0.2114323258869908
1,ITM009,0.2581753332081847
2,ITM002,0.2869131322295305
2,ITM003,0.17127844560368943
2,ITM004,0.22741362364859757
2,ITM007,0.14262493384743327
2,ITM012,0.17176986467074923
